case_name,axis,scenario_name,train_groups,eval_groups,group_size,max_steps,seed,group_correlation,critic_correlation,critic_minus_group_correlation,group_calibrated_mse,critic_calibrated_mse,critic_minus_group_calibrated_mse,wait_token_fraction,success_rate,zero_variance_group_fraction,critic_exact_state_rate,train_trajectories,critic_is_privileged
horizon_04_baseline,horizon,baseline,120,32,6,4,11,0.5140299088079533,0.9735708391714305,0.4595409303634772,0.04993730726162923,0.0035401137560257157,-0.046397193505603514,0.2896551724137931,0.421875,0.0,0.9982758620689656,720,False
horizon_04_baseline,horizon,baseline,120,32,6,4,29,0.4802860460192518,0.9756446480567874,0.4953586020375356,0.05323955018984606,0.0033298724384460787,-0.04990967775139998,0.3118466898954704,0.390625,0.0,0.9982578397212544,720,False
horizon_04_baseline,horizon,baseline,120,32,6,4,47,0.47716557523453484,0.9824079947955587,0.5052424195610239,0.0473345106914217,0.002137435038663714,-0.04519707565275799,0.28596187175043325,0.3958333333333333,0.0,1.0,720,False
horizon_04_baseline,horizon,baseline,120,32,6,4,83,0.5224818991710724,0.9749817723438211,0.45249987317274876,0.043902490887306314,0.0029837801242461634,-0.040918710763060154,0.33104631217838765,0.4583333333333333,0.0,1.0,720,False
horizon_04_baseline,horizon,baseline,120,32,6,4,131,0.4710857308794244,0.9708471257678211,0.49976139488839666,0.04718272907302778,0.0034841280490472437,-0.043698601023980536,0.2970639032815199,0.390625,0.0,1.0,720,False
horizon_04_baseline,horizon,baseline,120,32,6,4,173,0.5050518013338612,0.9709095341833872,0.46585773284952603,0.049424875652042045,0.0038040985151857718,-0.04562077713685627,0.2958257713248639,0.421875,0.0,1.0,720,False
horizon_04_baseline,horizon,baseline,120,32,6,4,211,0.4800108975539496,0.9862326080636717,0.5062217105097222,0.05256055851475573,0.0018675945584863498,-0.050692963956269384,0.3104693140794224,0.421875,0.0,1.0,720,False
horizon_04_baseline,horizon,baseline,120,32,6,4,257,0.503342048971125,0.9803367586540244,0.47699470968289936,0.053951804645467547,0.0028137463016279863,-0.05113805834383956,0.3053173241852487,0.4270833333333333,0.0,1.0,720,False
horizon_04_baseline,horizon,baseline,120,32,6,4,307,0.4928804110963051,0.9851698495800763,0.49228943848377116,0.04412363958580133,0.0017158493279484316,-0.0424077902578529,0.3165217391304348,0.4375,0.0,1.0,720,False
horizon_04_baseline,horizon,baseline,120,32,6,4,359,0.4563862631193803,0.9810620789405066,0.5246758158211262,0.05809618088254839,0.0027530301902549156,-0.05534315069229348,0.29525483304042177,0.421875,0.0,1.0,720,False
horizon_04_baseline,horizon,baseline,120,32,6,4,401,0.5258478032724426,0.981423515365871,0.4555757120934284,0.05104733800249868,0.002597077808915615,-0.04845026019358306,0.2982758620689655,0.4375,0.0,1.0,720,False
horizon_04_baseline,horizon,baseline,120,32,6,4,463,0.49122518031814166,0.981018140273315,0.48979295995517336,0.05084817488959748,0.0025201926690002767,-0.048327982220597206,0.3089005235602094,0.4166666666666667,0.0,1.0,720,False
horizon_04_baseline,horizon,baseline,120,32,6,4,509,0.49399802549728045,0.9825615102005628,0.48856348470328237,0.0540238952924078,0.0024706953737346033,-0.0515531999186732,0.2936802973977695,0.3854166666666667,0.0,1.0,720,False
horizon_04_baseline,horizon,baseline,120,32,6,4,571,0.46262622681319343,0.9689014589186774,0.506275232105484,0.051946932629118675,0.004046821805306693,-0.04790011082381198,0.3298791018998273,0.3958333333333333,0.0,0.9965457685664939,720,False
horizon_04_baseline,horizon,baseline,120,32,6,4,631,0.4711542205630685,0.9774857058490204,0.506331485285952,0.05605814933567796,0.00320791756977687,-0.05285023176590109,0.2647058823529412,0.4739583333333333,0.0,0.9965397923875432,720,False
horizon_04_baseline,horizon,baseline,120,32,6,4,701,0.4986832357258739,0.9732991379734113,0.47461590224753736,0.052365508087185604,0.0036723279097527106,-0.04869318017743289,0.30397236614853196,0.4479166666666667,0.0,1.0,720,False
horizon_04_baseline,horizon,baseline,120,32,6,4,761,0.4919699845791739,0.9454688067698406,0.4534988221906667,0.04696885060536475,0.00657400071611057,-0.04039484988925418,0.2991304347826087,0.4427083333333333,0.0,0.9982608695652174,720,False
horizon_04_baseline,horizon,baseline,120,32,6,4,823,0.5476397680744319,0.9741832179131665,0.4265434498387346,0.045070623841386964,0.0032811707792445265,-0.041789453062142434,0.3122866894197952,0.4635416666666667,0.0,1.0,720,False
horizon_04_baseline,horizon,baseline,120,32,6,4,887,0.5100668724292293,0.9851432747127015,0.47507640228347214,0.04923026974539655,0.001962520396290149,-0.0472677493491064,0.301056338028169,0.421875,0.0,1.0,720,False
horizon_04_baseline,horizon,baseline,120,32,6,4,947,0.5080072408111206,0.9854526441981822,0.47744540338706165,0.04976710367347278,0.0019374201960190216,-0.047829683477453755,0.30350877192982456,0.4479166666666667,0.0,1.0,720,False
horizon_08_baseline,horizon,baseline,120,32,6,8,11,0.4100655606139037,0.8978031057186924,0.4877375451047887,0.033791205655025865,0.007878607817731482,-0.025912597837294382,0.36134453781512604,0.5416666666666666,0.0,0.9947478991596639,720,False
horizon_08_baseline,horizon,baseline,120,32,6,8,29,0.36954908814561505,0.9174941637817767,0.5479450756361617,0.03570675363457432,0.006542446920823301,-0.029164306713751018,0.3818737270875764,0.53125,0.0,0.9979633401221996,720,False
horizon_08_baseline,horizon,baseline,120,32,6,8,47,0.3914259777680139,0.9002144262751597,0.5087884485071458,0.035583759453463225,0.00796798819509128,-0.027615771258371946,0.39487179487179486,0.5416666666666666,0.0,0.9958974358974358,720,False
horizon_08_baseline,horizon,baseline,120,32,6,8,83,0.36464158733177554,0.9227416604508183,0.5581000731190427,0.035920310738965094,0.006154163135135892,-0.0297661476038292,0.3688442211055276,0.4895833333333333,0.0,0.9959798994974874,720,False
horizon_08_baseline,horizon,baseline,120,32,6,8,131,0.4037393465688139,0.8899105473838341,0.48617120081502024,0.029550331675827532,0.007345590199049736,-0.022204741476777798,0.3624091381100727,0.5520833333333334,0.0,0.9916926272066459,720,False
horizon_08_baseline,horizon,baseline,120,32,6,8,173,0.39511187908715684,0.9240344902181142,0.5289226111309574,0.03755832823122699,0.006505062449417069,-0.031053265781809922,0.3728813559322034,0.5416666666666666,0.0,0.9989406779661016,720,False
horizon_08_baseline,horizon,baseline,120,32,6,8,211,0.4018911121010897,0.9192471302743831,0.5173560181732935,0.03799749434490689,0.007023430437444646,-0.03097406390746224,0.34717784877529284,0.546875,0.0,0.9936102236421726,720,False
horizon_08_baseline,horizon,baseline,120,32,6,8,257,0.40094089060921495,0.9279243284131533,0.5269834378039384,0.034621198669736626,0.0057323314445415705,-0.028888867225195056,0.37344398340248963,0.5520833333333334,0.0,0.9968879668049793,720,False
horizon_08_baseline,horizon,baseline,120,32,6,8,307,0.38576708040666036,0.9450845773228304,0.55931749691617,0.034230300305599544,0.004295564073259228,-0.029934736232340317,0.36363636363636365,0.5833333333333334,0.0,1.0,720,False
horizon_08_baseline,horizon,baseline,120,32,6,8,359,0.33942627460547947,0.9569889284411667,0.6175626538356872,0.03909971466055449,0.0037196502818631714,-0.03538006437869132,0.37591623036649213,0.5260416666666666,0.0,1.0,720,False
horizon_08_baseline,horizon,baseline,120,32,6,8,401,0.40962677343511317,0.9004109686138138,0.4907841951787006,0.034917269909818305,0.00794087798510566,-0.026976391924712646,0.33403361344537813,0.515625,0.0,0.9863445378151261,720,False
horizon_08_baseline,horizon,baseline,120,32,6,8,463,0.37422853000112616,0.9247432292009291,0.5505146991998029,0.03696244020455877,0.006225930883682464,-0.030736509320876307,0.3798767967145791,0.5885416666666666,0.0,0.997946611909651,720,False
horizon_08_baseline,horizon,baseline,120,32,6,8,509,0.3904766955988092,0.9192439516311122,0.5287672560323029,0.03438447592026896,0.006288015737075128,-0.028096460183193835,0.3689839572192513,0.5989583333333334,0.0,0.9978609625668449,720,False
horizon_08_baseline,horizon,baseline,120,32,6,8,571,0.376398876320439,0.9726080041291463,0.5962091278087073,0.03995711887598758,0.002515402196181315,-0.03744171667980627,0.3471337579617834,0.5677083333333334,0.0,0.9989384288747346,720,False
horizon_08_baseline,horizon,baseline,120,32,6,8,631,0.37876049106982884,0.9468731534082196,0.5681126623383908,0.035409874439641546,0.0042759063423613375,-0.03113396809728021,0.3410041841004184,0.5104166666666666,0.0,1.0,720,False
horizon_08_baseline,horizon,baseline,120,32,6,8,701,0.3995470662603563,0.9250488239420264,0.5255017576816701,0.03266519791570029,0.005608400445049324,-0.02705679747065097,0.4043243243243243,0.5833333333333334,0.0,0.9956756756756757,720,False
horizon_08_baseline,horizon,baseline,120,32,6,8,761,0.3797254092204523,0.9159354934613878,0.5362100842409355,0.03668498055146953,0.006904070076960095,-0.029780910474509432,0.3502202643171806,0.546875,0.0,0.9955947136563876,720,False
horizon_08_baseline,horizon,baseline,120,32,6,8,823,0.41979896983492265,0.9134808698030403,0.4936818999681177,0.03113682668662957,0.0062575635143254996,-0.02487926317230407,0.3569937369519833,0.578125,0.0,0.9895615866388309,720,False
horizon_08_baseline,horizon,baseline,120,32,6,8,887,0.4075727393795985,0.9371064756789526,0.5295337362993541,0.03235704453082093,0.0047274004215922625,-0.02762964410922867,0.3643979057591623,0.6041666666666666,0.0,0.9947643979057592,720,False
horizon_08_baseline,horizon,baseline,120,32,6,8,947,0.4048433267163146,0.9445478947331377,0.5397045680168231,0.037069754281902935,0.0047807627322509864,-0.03228899154965195,0.35838779956427014,0.5,0.0,1.0,720,False
horizon_12_baseline,horizon,baseline,120,32,6,12,11,0.31404693994751515,0.8680972000655891,0.5540502601180739,0.023791786360896034,0.006503921014348628,-0.017287865346547405,0.4153284671532847,0.609375,0.0,0.9985401459854014,720,False
horizon_12_baseline,horizon,baseline,120,32,6,12,29,0.3479403899665463,0.91906780088374,0.5711274109171937,0.027943469229745072,0.004937805701928469,-0.023005663527816602,0.4004524886877828,0.5885416666666666,0.0,0.995475113122172,720,False
horizon_12_baseline,horizon,baseline,120,32,6,12,47,0.32127564337344117,0.8702175555416348,0.5489419121681937,0.022166975258594623,0.005999673985731577,-0.016167301272863047,0.4170965364775239,0.6770833333333334,0.0,0.9970523212969786,720,False
horizon_12_baseline,horizon,baseline,120,32,6,12,83,0.34562296210247667,0.8693129362171522,0.5236899741146755,0.026516150366188262,0.007356540735295222,-0.01915960963089304,0.39552238805970147,0.5729166666666666,0.0,0.9940298507462687,720,False
horizon_12_baseline,horizon,baseline,120,32,6,12,131,0.3387534689416968,0.8783211267082268,0.53956765776653,0.025952791732284316,0.006700467247617966,-0.01925232448466635,0.3972286374133949,0.6041666666666666,0.0,0.993841416474211,720,False
horizon_12_baseline,horizon,baseline,120,32,6,12,173,0.3569788144483534,0.8363514436640591,0.4793726292157057,0.026126288347914722,0.008998028112458811,-0.01712826023545591,0.4160971905846621,0.6302083333333334,0.0,0.9939255884586181,720,False
horizon_12_baseline,horizon,baseline,120,32,6,12,211,0.33660519748394085,0.8595500434759233,0.5229448459919825,0.02509482349475711,0.007391599283690619,-0.01770322421106649,0.38997005988023953,0.6666666666666666,0.0,0.9962574850299402,720,False
horizon_12_baseline,horizon,baseline,120,32,6,12,257,0.34618285834649976,0.8930904724122498,0.5469076140657501,0.022671054928455586,0.005213137148693685,-0.0174579177797619,0.43717472118959105,0.65625,0.0,0.9970260223048327,720,False
horizon_12_baseline,horizon,baseline,120,32,6,12,307,0.32366913711867773,0.8772155526966444,0.5535464155779667,0.02482161705748909,0.006390707280440543,-0.018430909777048546,0.41189931350114417,0.6666666666666666,0.0,0.992372234935164,720,False
horizon_12_baseline,horizon,baseline,120,32,6,12,359,0.34895291011388435,0.8461419363117065,0.4971890261978222,0.023521778774925433,0.007607576354407977,-0.015914202420517456,0.39732142857142855,0.5989583333333334,0.0,0.9947916666666666,720,False
horizon_12_baseline,horizon,baseline,120,32,6,12,401,0.34879987165214954,0.8696052700772805,0.520805398425131,0.02543988810709214,0.007060950486805412,-0.01837893762028673,0.41202027516292544,0.6302083333333334,0.0,0.9934829833454019,720,False
horizon_12_baseline,horizon,baseline,120,32,6,12,463,0.34763258574588435,0.8421126461929294,0.494480060447045,0.021919886879539035,0.007251670709722471,-0.014668216169816565,0.41626129256428074,0.65625,0.0,0.9965253648366922,720,False
horizon_12_baseline,horizon,baseline,120,32,6,12,509,0.3301081187284503,0.8866184894600889,0.5565103707316386,0.024598641453316254,0.005905351984921543,-0.01869328946839471,0.4246894409937888,0.6614583333333334,0.0,0.9922360248447205,720,False
horizon_12_baseline,horizon,baseline,120,32,6,12,571,0.32588474143442264,0.8400536265516755,0.5141688851172528,0.02420262592189009,0.007969433223661278,-0.016233192698228812,0.42406456346294935,0.6614583333333334,0.0,0.9860601614086574,720,False
horizon_12_baseline,horizon,baseline,120,32,6,12,631,0.3423555380413366,0.8473548953997412,0.5049993573584046,0.028276688468782066,0.009032397411316853,-0.019244291057465213,0.3915574963609898,0.6041666666666666,0.0,0.9898107714701602,720,False
horizon_12_baseline,horizon,baseline,120,32,6,12,701,0.31648367717951076,0.8948123999249211,0.5783287227454104,0.02391107186246,0.005296212967660173,-0.018614858894799826,0.44499294781382226,0.6510416666666666,0.0,0.995768688293371,720,False
horizon_12_baseline,horizon,baseline,120,32,6,12,761,0.3485399891324032,0.8840663740671585,0.5355263849347554,0.02503463861635989,0.0062243693084613385,-0.01881026930789855,0.4054669703872437,0.625,0.0,0.9901290812452543,720,False
horizon_12_baseline,horizon,baseline,120,32,6,12,823,0.34088035201776806,0.8474927825016779,0.5066124304839099,0.026712035226156915,0.008515807617536321,-0.018196227608620594,0.3988139362490734,0.5729166666666666,0.0,0.9903632320237212,720,False
horizon_12_baseline,horizon,baseline,120,32,6,12,887,0.3138816524508143,0.8521209176662785,0.5382392652154642,0.02511058809979715,0.007629176927626567,-0.017481411172170582,0.4015804597701149,0.6458333333333334,0.0,0.9978448275862069,720,False
horizon_12_baseline,horizon,baseline,120,32,6,12,947,0.31413909175326155,0.8440153205323105,0.529876228779049,0.02524046010569997,0.008055014980239522,-0.017185445125460448,0.4206748025843503,0.6197916666666666,0.0,0.9928212491026561,720,False
horizon_16_long_wait,horizon,long_wait,160,36,6,16,11,0.3019418768884348,0.8622271055119411,0.5602852286235063,0.020808882483378963,0.005874379537515267,-0.014934502945863695,0.5132743362831859,0.6666666666666666,0.0,0.9979177511712649,960,False
horizon_16_long_wait,horizon,long_wait,160,36,6,16,29,0.3028273558687037,0.884255706957206,0.5814283510885023,0.01843135117088684,0.004425571818743396,-0.014005779352143446,0.5356953992596509,0.6666666666666666,0.0,0.9984135378106822,960,False
horizon_16_long_wait,horizon,long_wait,160,36,6,16,47,0.26574718537023034,0.8662572468835839,0.6005100615133535,0.01716317802676572,0.004609426381112303,-0.012553751645653416,0.537984496124031,0.7175925925925926,0.0,0.9979328165374677,960,False
horizon_16_long_wait,horizon,long_wait,160,36,6,16,83,0.319266981827959,0.8846971259831309,0.5654301441551719,0.020495290816081955,0.004959367328882044,-0.01553592348719991,0.529039070749736,0.6203703703703703,0.0,0.9963041182682154,960,False
horizon_16_long_wait,horizon,long_wait,160,36,6,16,131,0.29160060767927815,0.8708497404707675,0.5792491327914893,0.019179221964042526,0.0050647586629355415,-0.014114463301106984,0.5421686746987951,0.6712962962962963,0.0,0.9954819277108434,960,False
horizon_16_long_wait,horizon,long_wait,160,36,6,16,173,0.29711334817020507,0.8692595267066922,0.5721461785364871,0.019341944801825064,0.005184615699825674,-0.014157329101999391,0.5521936459909228,0.6064814814814815,0.0,0.9974785678265254,960,False
horizon_16_long_wait,horizon,long_wait,160,36,6,16,211,0.291598684873533,0.8748690613709902,0.5832703764974572,0.01926996413477361,0.004940940206485549,-0.01432902392828806,0.5464876033057852,0.7175925925925926,0.0,0.9958677685950413,960,False
horizon_16_long_wait,horizon,long_wait,160,36,6,16,257,0.29876479402605594,0.8648291501478087,0.5660643561217528,0.016988674735237682,0.004702051434261821,-0.012286623300975862,0.5317540322580645,0.6944444444444444,0.0,0.9909274193548387,960,False
horizon_16_long_wait,horizon,long_wait,160,36,6,16,307,0.2641428297354969,0.9089913381194253,0.6448485083839284,0.023109180249970537,0.004316001183132976,-0.018793179066837563,0.5388104838709677,0.6712962962962963,0.0,0.9984879032258065,960,False
horizon_16_long_wait,horizon,long_wait,160,36,6,16,359,0.28729729963043094,0.8469406621526621,0.5596433625222311,0.01637323966188954,0.005044987903759786,-0.011328251758129754,0.5459797785267212,0.7407407407407407,0.0,0.9942224362060664,960,False
horizon_16_long_wait,horizon,long_wait,160,36,6,16,401,0.29125987844251583,0.808666323963674,0.5174064455211582,0.016984225785506808,0.006422364450522583,-0.010561861334984225,0.5388522092432707,0.7175925925925926,0.0,0.9933976637887253,960,False
horizon_16_long_wait,horizon,long_wait,160,36,6,16,463,0.2994483757643574,0.860421667873505,0.5609732921091477,0.018268248665564563,0.005211072711962306,-0.013057175953602257,0.5515738498789347,0.6620370370370371,0.0,0.9966101694915255,960,False
horizon_16_long_wait,horizon,long_wait,160,36,6,16,509,0.30643919596313646,0.8748875069645663,0.5684483110014298,0.019405831113566047,0.00502382378426719,-0.014382007329298858,0.5454545454545454,0.6620370370370371,0.0,0.9945887445887446,960,False
horizon_16_long_wait,horizon,long_wait,160,36,6,16,571,0.29678172882648396,0.8256441114847097,0.5288623826582257,0.018268250611359994,0.006376651346271551,-0.011891599265088443,0.5469238790406674,0.6574074074074074,0.0,0.9937434827945777,960,False
horizon_16_long_wait,horizon,long_wait,160,36,6,16,631,0.30527005844965244,0.8397556811089727,0.5344856226593202,0.018996051806992303,0.006175750570007632,-0.01282030123698467,0.5168539325842697,0.6666666666666666,0.0,0.9948927477017364,960,False
horizon_16_long_wait,horizon,long_wait,160,36,6,16,701,0.2909133491562006,0.8452568576081768,0.5543435084519762,0.017422108439433703,0.005434662151838285,-0.011987446287595419,0.5269461077844312,0.7129629629629629,0.0,0.9960079840319361,960,False
horizon_16_long_wait,horizon,long_wait,160,36,6,16,761,0.31599456378108953,0.8777843275237175,0.5617897637426279,0.01527105436202916,0.00389339069246953,-0.01137766366955963,0.5616784630940344,0.7361111111111112,0.0,0.9974721941354904,960,False
horizon_16_long_wait,horizon,long_wait,160,36,6,16,823,0.28735438352082704,0.8662254587446521,0.5788710752238251,0.021936762504156333,0.0059695058099935375,-0.015967256694162796,0.5315704263356719,0.6574074074074074,0.0,0.9951430113329736,960,False
horizon_16_long_wait,horizon,long_wait,160,36,6,16,887,0.2719011162867678,0.8945545719099984,0.6226534556232306,0.020275844826846343,0.004373912784203744,-0.0159019320426426,0.5391394504924831,0.7129629629629629,0.0,0.9984447900466563,960,False
horizon_16_long_wait,horizon,long_wait,160,36,6,16,947,0.2794347727366052,0.8683453150898252,0.5889105423532199,0.017944334877130708,0.0047877270224098755,-0.013156607854720833,0.5447870778267254,0.6944444444444444,0.0,0.9980420949583945,960,False
group_size_02_long_wait,group_size,long_wait,140,32,2,12,11,0.17381242306025754,0.858809766828587,0.6849973437683294,0.024135419930982272,0.006531562677702227,-0.017603857253280043,0.5074626865671642,0.640625,0.03125,0.9893390191897654,840,False
group_size_02_long_wait,group_size,long_wait,140,32,2,12,29,0.2268555206089231,0.8928613811215593,0.6660058605126362,0.02370894579095991,0.005069008474438598,-0.01863993731652131,0.4956521739130435,0.71875,0.09375,1.0,840,False
group_size_02_long_wait,group_size,long_wait,140,32,2,12,47,0.22309294039031982,0.9291833377519312,0.7060903973616114,0.02548243124024826,0.0036637116850632085,-0.02181871955518505,0.49464668094218417,0.65625,0.0625,0.9978586723768736,840,False
group_size_02_long_wait,group_size,long_wait,140,32,2,12,83,0.24514171762653397,0.864693012479875,0.619551294853341,0.021550254697468414,0.0057848988165170945,-0.01576535588095132,0.4871244635193133,0.71875,0.125,0.9914163090128756,840,False
group_size_02_long_wait,group_size,long_wait,140,32,2,12,131,0.18852398098385262,0.9281464701321265,0.7396224891482739,0.023674016120964588,0.00340076349294741,-0.02027325262801718,0.5135802469135803,0.625,0.09375,0.9975308641975309,840,False
group_size_02_long_wait,group_size,long_wait,140,32,2,12,173,0.21188580424014006,0.8988662635502132,0.6869804593100731,0.023935219219601612,0.004812569256862146,-0.019122649962739467,0.49882903981264637,0.734375,0.125,0.9976580796252927,840,False
group_size_02_long_wait,group_size,long_wait,140,32,2,12,211,0.21607942992624263,0.9028574983264742,0.6867780684002316,0.024737791191398656,0.0047966989915237445,-0.019941092199874912,0.48878923766816146,0.578125,0.03125,0.9932735426008968,840,False
group_size_02_long_wait,group_size,long_wait,140,32,2,12,257,0.23647135454123291,0.9454724767856644,0.7090011222444315,0.02405008631702906,0.0027023905101499057,-0.021347695806879154,0.5148741418764302,0.640625,0.15625,0.9954233409610984,840,False
group_size_02_long_wait,group_size,long_wait,140,32,2,12,307,0.18666206463437543,0.9090560975661839,0.7223940329318085,0.026084837913309178,0.00469226283336583,-0.021392575079943348,0.5330188679245284,0.671875,0.0625,0.9976415094339622,840,False
group_size_02_long_wait,group_size,long_wait,140,32,2,12,359,0.21238655691897226,0.8725980042235907,0.6602114473046184,0.02568996095350993,0.006418447591122916,-0.019271513362387013,0.45295404814004375,0.625,0.0,0.9781181619256017,840,False
group_size_02_long_wait,group_size,long_wait,140,32,2,12,401,0.1945199845363042,0.9169744319548899,0.7224544474185857,0.023620036683242633,0.003907154223977025,-0.01971288245926561,0.5278350515463918,0.671875,0.0625,1.0,840,False
group_size_02_long_wait,group_size,long_wait,140,32,2,12,463,0.18383759283567194,0.9156364518284779,0.731798858992806,0.021818893288157844,0.003649487947917129,-0.018169405340240714,0.49557522123893805,0.609375,0.0625,0.9977876106194691,840,False
group_size_02_long_wait,group_size,long_wait,140,32,2,12,509,0.2225144135325165,0.8485303032035894,0.6260158896710728,0.02770480463196291,0.008161332799775415,-0.019543471832187492,0.5152941176470588,0.65625,0.125,0.9882352941176471,840,False
group_size_02_long_wait,group_size,long_wait,140,32,2,12,571,0.24711086316319245,0.9527076900744414,0.705596826911249,0.03489327828861139,0.0034318906744864788,-0.03146138761412491,0.5361305361305362,0.65625,0.0625,0.993006993006993,840,False
group_size_02_long_wait,group_size,long_wait,140,32,2,12,631,0.21421391156508374,0.9082096731178363,0.6939957615527526,0.0270440150807326,0.00496471861181861,-0.02207929646891399,0.4924406047516199,0.640625,0.0,1.0,840,False
group_size_02_long_wait,group_size,long_wait,140,32,2,12,701,0.26326343233283345,0.9348546026632247,0.6715911703303913,0.027707111415056964,0.0037524695090248887,-0.023954641906032074,0.4880174291938998,0.609375,0.0625,0.9912854030501089,840,False
group_size_02_long_wait,group_size,long_wait,140,32,2,12,761,0.2251927840006845,0.9291320982810287,0.7039393142803443,0.026957951638320918,0.0038824005891854915,-0.023075551049135425,0.48997772828507796,0.671875,0.03125,0.9933184855233853,840,False
group_size_02_long_wait,group_size,long_wait,140,32,2,12,823,0.206607039629546,0.9054041433800789,0.6987971037505329,0.023713739237065275,0.004464831381991914,-0.019248907855073362,0.4978540772532189,0.6875,0.0625,1.0,840,False
group_size_02_long_wait,group_size,long_wait,140,32,2,12,887,0.20301139540630236,0.8497005217512109,0.6466891263449086,0.016926901265224233,0.004908112400967572,-0.012018788864256662,0.5369978858350951,0.734375,0.03125,0.9978858350951374,840,False
group_size_02_long_wait,group_size,long_wait,140,32,2,12,947,0.18678135401434884,0.8847109605431234,0.6979296065287746,0.023815796011328452,0.005361913908907379,-0.018453882102421073,0.5418502202643172,0.703125,0.03125,0.9977973568281938,840,False
group_size_04_long_wait,group_size,long_wait,140,32,4,12,11,0.27336833076560835,0.8546201706228124,0.581251839857204,0.023475311075079178,0.006840724857007977,-0.0166345862180712,0.48824786324786323,0.6796875,0.0,0.9946581196581197,840,False
group_size_04_long_wait,group_size,long_wait,140,32,4,12,29,0.30461435454971925,0.8578761297226486,0.5532617751729294,0.0219823010587667,0.006398071037152867,-0.015584230021613833,0.4954954954954955,0.734375,0.0,0.9966216216216216,840,False
group_size_04_long_wait,group_size,long_wait,140,32,4,12,47,0.26494206328600556,0.8606204184210378,0.5956783551350322,0.02346655229364038,0.006545065860929902,-0.016921486432710478,0.4811111111111111,0.65625,0.0,0.9944444444444445,840,False
group_size_04_long_wait,group_size,long_wait,140,32,4,12,83,0.2996585336673042,0.9279934235626014,0.6283348898952972,0.022148859334372627,0.0033782358945694704,-0.018770623439803156,0.5033185840707964,0.6640625,0.0,1.0,840,False
group_size_04_long_wait,group_size,long_wait,140,32,4,12,131,0.32278007707781964,0.9331637309823418,0.6103836539045222,0.02538933619895881,0.0036619702535476777,-0.021727365945411133,0.5240825688073395,0.625,0.0,0.9988532110091743,840,False
group_size_04_long_wait,group_size,long_wait,140,32,4,12,173,0.3325385425257553,0.8072105435263833,0.474672001000628,0.024884374423531086,0.009747938622892697,-0.015136435800638389,0.4649321266968326,0.65625,0.0,0.9898190045248869,840,False
group_size_04_long_wait,group_size,long_wait,140,32,4,12,211,0.2908706427956749,0.8812608325156751,0.5903901897200001,0.025682270735589194,0.006267123369900593,-0.0194151473656886,0.507057546145494,0.609375,0.0,0.996742671009772,840,False
group_size_04_long_wait,group_size,long_wait,140,32,4,12,257,0.30832665862361536,0.8875411649485595,0.5792145063249441,0.021447073107739113,0.00503084360313083,-0.016416229504608283,0.5332606324972737,0.6640625,0.0,0.9934569247546347,840,False
group_size_04_long_wait,group_size,long_wait,140,32,4,12,307,0.33084796023623037,0.911756212669665,0.5809082524334346,0.02510486136317453,0.004755774210216075,-0.020349087152958457,0.4954545454545455,0.640625,0.0,0.9943181818181818,840,False
group_size_04_long_wait,group_size,long_wait,140,32,4,12,359,0.28898632494016424,0.8954435991591926,0.6064572742190284,0.02872753947247234,0.006212031619408965,-0.022515507853063374,0.4711211778029445,0.609375,0.0,0.9977349943374858,840,False
group_size_04_long_wait,group_size,long_wait,140,32,4,12,401,0.29784504523004385,0.917707678812642,0.6198626335825982,0.021906512223013205,0.0037936665012070943,-0.01811284572180611,0.5436382754994742,0.65625,0.0,0.9989484752891693,840,False
group_size_04_long_wait,group_size,long_wait,140,32,4,12,463,0.2928744823247019,0.9012566684161871,0.6083821860914852,0.027267150933904312,0.00559932163806835,-0.021667829295835963,0.4867444326617179,0.5703125,0.0,0.9978791092258749,840,False
group_size_04_long_wait,group_size,long_wait,140,32,4,12,509,0.2996674220682712,0.8907432093695613,0.5910757873012902,0.02782933083946853,0.006316073716151439,-0.02151325712331709,0.516245487364621,0.6171875,0.0,0.9951865222623345,840,False
group_size_04_long_wait,group_size,long_wait,140,32,4,12,571,0.3207822920180061,0.9146489002621107,0.5938666082441045,0.025615613291559033,0.004666193975691544,-0.02094941931586749,0.5139977603583427,0.6875,0.0,0.9955207166853304,840,False
group_size_04_long_wait,group_size,long_wait,140,32,4,12,631,0.3031618782510345,0.8380151256961524,0.534853247445118,0.020824699854048754,0.006827662204731584,-0.01399703764931717,0.48488120950323976,0.6796875,0.0,0.9989200863930886,840,False
group_size_04_long_wait,group_size,long_wait,140,32,4,12,701,0.2907792722067661,0.9315844711018673,0.6408051988951011,0.02282749897755657,0.003295287594019995,-0.019532211383536575,0.5167206040992449,0.6875,0.0,0.9924487594390508,840,False
group_size_04_long_wait,group_size,long_wait,140,32,4,12,761,0.2964595396545472,0.9093229982548255,0.6128634586002784,0.022473089490780793,0.004265709639324111,-0.018207379851456682,0.49142857142857144,0.6875,0.0,1.0,840,False
group_size_04_long_wait,group_size,long_wait,140,32,4,12,823,0.2956348084753764,0.8984379078220857,0.6028030993467093,0.024122052604536145,0.005096380005957408,-0.019025672598578736,0.5082146768893757,0.6640625,0.0,0.9868565169769989,840,False
group_size_04_long_wait,group_size,long_wait,140,32,4,12,887,0.2819190357372418,0.8786159373060289,0.5966969015687871,0.02387049714169834,0.005913262040819399,-0.017957235100878943,0.508421052631579,0.671875,0.0,0.9947368421052631,840,False
group_size_04_long_wait,group_size,long_wait,140,32,4,12,947,0.329662839121731,0.883795899070239,0.554133059948508,0.020493094685311162,0.005033012645716713,-0.01546008203959445,0.5162689804772235,0.6328125,0.0,0.9989154013015185,840,False
group_size_08_long_wait,group_size,long_wait,140,32,8,12,11,0.3369959904127367,0.8811538653586407,0.544157874945904,0.023675309947534914,0.00597116117868873,-0.017704148768846184,0.5056179775280899,0.65625,0.0,0.994943820224719,840,False
group_size_08_long_wait,group_size,long_wait,140,32,8,12,29,0.345489116595599,0.8955761485056422,0.5500870319100432,0.025774436991138638,0.005793394044900555,-0.019981042946238082,0.49254587155963303,0.65234375,0.0,0.9965596330275229,840,False
group_size_08_long_wait,group_size,long_wait,140,32,8,12,47,0.30073199354355434,0.8779327728191484,0.577200779275594,0.022335503406231402,0.005629157301847607,-0.016706346104383797,0.5060572687224669,0.6796875,0.0,0.9966960352422908,840,False
group_size_08_long_wait,group_size,long_wait,140,32,8,12,83,0.35625539524875033,0.9029944773733329,0.5467390821245826,0.025050930530010698,0.00529666821305761,-0.019754262316953087,0.4601366742596811,0.625,0.0,0.9965831435079726,840,False
group_size_08_long_wait,group_size,long_wait,140,32,8,12,131,0.37345712735975917,0.9094924768664436,0.5360353495066845,0.022466347539734245,0.004512001165113338,-0.017954346374620907,0.5215204024594746,0.63671875,0.0,0.9944102850754611,840,False
group_size_08_long_wait,group_size,long_wait,140,32,8,12,173,0.3534539298168913,0.8405736248620029,0.48711969504511166,0.02502394471758937,0.008391240804030142,-0.016632703913559227,0.4971526195899772,0.6328125,0.0,0.9903189066059226,840,False
group_size_08_long_wait,group_size,long_wait,140,32,8,12,211,0.3565544251805974,0.9272147292147819,0.5706603040341844,0.025552765308560522,0.004106411557505447,-0.021446353751055074,0.5028571428571429,0.62109375,0.0,0.9982857142857143,840,False
group_size_08_long_wait,group_size,long_wait,140,32,8,12,257,0.3435567815923314,0.9132960067623916,0.5697392251700603,0.02481824703475265,0.004668089526761839,-0.02015015750799081,0.5053400786958966,0.6171875,0.0,0.9955030916245081,840,False
group_size_08_long_wait,group_size,long_wait,140,32,8,12,307,0.33347911091189847,0.90772726439707,0.5742481534851716,0.025533274324376513,0.005057037944047006,-0.020476236380329506,0.5110481586402267,0.6640625,0.0,0.9943342776203966,840,False
group_size_08_long_wait,group_size,long_wait,140,32,8,12,359,0.35005522841994907,0.8904565050226722,0.5404012766027231,0.024348141750488907,0.005746337297943774,-0.018601804452545133,0.5045045045045045,0.66015625,0.0,0.9898648648648649,840,False
group_size_08_long_wait,group_size,long_wait,140,32,8,12,401,0.3432026701069155,0.8977949984040411,0.5545923282971256,0.023562447755079576,0.00518046718010242,-0.018381980574977155,0.5145205479452055,0.66015625,0.0,0.9983561643835617,840,False
group_size_08_long_wait,group_size,long_wait,140,32,8,12,463,0.3399048010932813,0.922520540924078,0.5826157398307967,0.025481993301661798,0.004291513160015856,-0.021190480141645943,0.5183160196828869,0.609375,0.0,0.9994532531437944,840,False
group_size_08_long_wait,group_size,long_wait,140,32,8,12,509,0.3325809332593957,0.8847920854514317,0.5522111521920361,0.024071396323802605,0.005876988537685024,-0.01819440778611758,0.5028058361391695,0.69140625,0.0,0.9949494949494949,840,False
group_size_08_long_wait,group_size,long_wait,140,32,8,12,571,0.3330230824046365,0.8919629572859876,0.5589398748813511,0.023358062272580686,0.005369992199505586,-0.0179880700730751,0.526258205689278,0.671875,0.0,0.9917943107221007,840,False
group_size_08_long_wait,group_size,long_wait,140,32,8,12,631,0.3659293677023381,0.8884635975852058,0.5225342298828677,0.021285396596056688,0.005176558366917191,-0.0161088382291395,0.517203713817586,0.609375,0.0,0.9967231021299836,840,False
group_size_08_long_wait,group_size,long_wait,140,32,8,12,701,0.34243579747913055,0.9034630974414873,0.5610272999623568,0.021429491400026646,0.004460853887971438,-0.016968637512055205,0.5045045045045045,0.66796875,0.0,0.9978802331743508,840,False
group_size_08_long_wait,group_size,long_wait,140,32,8,12,761,0.3427560070322392,0.9276891086025973,0.5849331015703582,0.02621491389091566,0.00414062037611433,-0.02207429351480133,0.4939965694682676,0.5859375,0.0,0.9954259576901087,840,False
group_size_08_long_wait,group_size,long_wait,140,32,8,12,823,0.3463420582174443,0.865690630205377,0.5193485719879327,0.02389428936616752,0.006803526889310865,-0.017090762476856654,0.4841048522030117,0.6171875,0.0,0.9910764082543224,840,False
group_size_08_long_wait,group_size,long_wait,140,32,8,12,887,0.3688616571169489,0.8807548114983418,0.5118931543813929,0.026189444596504116,0.006798533007262057,-0.019390911589242058,0.48394495412844035,0.61328125,0.0,0.9948394495412844,840,False
group_size_08_long_wait,group_size,long_wait,140,32,8,12,947,0.34966222098338084,0.8761073752298669,0.5264451542464861,0.020279950063973734,0.005370391551044146,-0.014909558512929588,0.5132360886007563,0.66015625,0.0,0.9967585089141004,840,False
group_size_12_long_wait,group_size,long_wait,140,32,12,12,11,0.36472405297184174,0.87275330204456,0.5080292490727183,0.023863264825237793,0.006559182208240431,-0.01730408261699736,0.49587706146926536,0.6458333333333334,0.0,0.9981259370314842,840,False
group_size_12_long_wait,group_size,long_wait,140,32,12,12,29,0.3670262634059384,0.8778509179156613,0.5108246545097228,0.026443488870298883,0.007009830610936942,-0.01943365825936194,0.49106449106449107,0.6328125,0.0,0.9968919968919969,840,False
group_size_12_long_wait,group_size,long_wait,140,32,12,12,47,0.33783854051962375,0.8601101620179411,0.5222716214983174,0.02305960803970327,0.006773437863947395,-0.016286170175755878,0.5113759479956663,0.6588541666666666,0.0,0.9978331527627302,840,False
group_size_12_long_wait,group_size,long_wait,140,32,12,12,83,0.37165602123236696,0.9056846325210453,0.5340286112886783,0.02274296282494913,0.0047428333226890275,-0.0180001295022601,0.49774943735933985,0.6744791666666666,0.0,0.9973743435858965,840,False
group_size_12_long_wait,group_size,long_wait,140,32,12,12,131,0.35289641979189956,0.9201450719125294,0.5672486521206298,0.02427594362842617,0.004251806926909864,-0.020024136701516305,0.5312615612282648,0.6380208333333334,0.0,0.9959304476507584,840,False
group_size_12_long_wait,group_size,long_wait,140,32,12,12,173,0.3553554419513072,0.8555147339677786,0.5001592920164714,0.02346849466335054,0.0072011138654484155,-0.016267380797902124,0.4900037721614485,0.6901041666666666,0.0,0.995096190116937,840,False
group_size_12_long_wait,group_size,long_wait,140,32,12,12,211,0.3514099485789592,0.9082883575623383,0.5568784089833791,0.02769602448235558,0.005530043044097982,-0.022165981438257598,0.48755656108597284,0.6171875,0.0,0.995475113122172,840,False
group_size_12_long_wait,group_size,long_wait,140,32,12,12,257,0.35184929188897457,0.8902961551103319,0.5384468632213573,0.02451395826287031,0.005801774762532841,-0.01871218350033747,0.5106542056074767,0.6067708333333334,0.0,0.9955140186915887,840,False
group_size_12_long_wait,group_size,long_wait,140,32,12,12,307,0.3669960516912905,0.8895822192666273,0.5225861675753367,0.02483950006169928,0.005989271206606943,-0.018850228855092337,0.5016635859519408,0.6536458333333334,0.0,0.9948243992606285,840,False
group_size_12_long_wait,group_size,long_wait,140,32,12,12,359,0.3481877560001371,0.8693743549107852,0.5211865989106481,0.02381203918406272,0.0066168063466669575,-0.01719523283739576,0.4931557528671846,0.6666666666666666,0.0,0.9944506104328524,840,False
group_size_12_long_wait,group_size,long_wait,140,32,12,12,401,0.36250592286431943,0.8956025561356802,0.5330966332713607,0.02320527837225799,0.0052870008534324,-0.01791827751882559,0.5018463810930576,0.6744791666666666,0.0,0.9955686853766618,840,False
group_size_12_long_wait,group_size,long_wait,140,32,12,12,463,0.3555858041131708,0.883614815239045,0.5280290111258741,0.02392548956049662,0.0060042465867362225,-0.017921242973760396,0.5202226345083488,0.6458333333333334,0.0,0.9962894248608535,840,False
group_size_12_long_wait,group_size,long_wait,140,32,12,12,509,0.3515471627656933,0.9048365977352739,0.5532894349695806,0.025416765156066407,0.0052570046754605,-0.020159760480605908,0.4900934579439252,0.6354166666666666,0.0,0.9951401869158879,840,False
group_size_12_long_wait,group_size,long_wait,140,32,12,12,571,0.3677928099640179,0.9227289669791046,0.5549361570150866,0.024193615832923485,0.004156768330393095,-0.02003684750253039,0.5111598975484816,0.6276041666666666,0.0,0.9967069154774972,840,False
group_size_12_long_wait,group_size,long_wait,140,32,12,12,631,0.3712042389688627,0.8702662909739888,0.4990620520051261,0.02136185695989093,0.006011509408190685,-0.015350347551700245,0.5071612192434815,0.65625,0.0,0.9977965479250827,840,False
group_size_12_long_wait,group_size,long_wait,140,32,12,12,701,0.36683773106862094,0.921798518517664,0.5549607874490431,0.020980379349892365,0.0036433776158537766,-0.017337001734038588,0.5130683852488364,0.6927083333333334,0.0,0.9974937343358395,840,False
group_size_12_long_wait,group_size,long_wait,140,32,12,12,761,0.3438285276647597,0.8964658812324074,0.5526373535676478,0.023775500278105998,0.005294159090190613,-0.018481341187915383,0.5001883239171375,0.6588541666666666,0.0,0.9935969868173258,840,False
group_size_12_long_wait,group_size,long_wait,140,32,12,12,823,0.3477558384286617,0.8960978697411507,0.5483420313124889,0.02633930264828862,0.005902935699219427,-0.020436366949069192,0.48604391514700407,0.6171875,0.0,0.9929289170078154,840,False
group_size_12_long_wait,group_size,long_wait,140,32,12,12,887,0.35622288485695053,0.8984117905347614,0.5421889056778109,0.02613764704756829,0.005773426145346259,-0.02036422090222203,0.495642288745737,0.6354166666666666,0.0,0.9950738916256158,840,False
group_size_12_long_wait,group_size,long_wait,140,32,12,12,947,0.36272530284296167,0.8964566795453178,0.5337313767023562,0.02258862100163959,0.005107633634275414,-0.017480987367364177,0.4936432982201235,0.65625,0.0,0.9996367598982928,840,False
critic_budget_002_full,critic_budget,baseline,2,32,6,10,11,0.3579146179426079,0.41495505270662436,0.057040434764016434,0.028744879234769653,0.027291481985070077,-0.0014533972496995756,0.3921901528013582,0.5729166666666666,0.0,0.466893039049236,12,False
critic_budget_002_full,critic_budget,baseline,2,32,6,10,29,0.3953888269693421,0.4048568576033836,0.009468030634041502,0.028423211638691076,0.028167950481141315,-0.0002552611575497611,0.40017905102954343,0.6197916666666666,0.0,0.4762757385854969,12,False
critic_budget_002_full,critic_budget,baseline,2,32,6,10,47,0.3422023937720332,0.3297902672993493,-0.012412126472683915,0.028712482512422352,0.028983733400150275,0.0002712508877279231,0.3850129198966408,0.609375,0.0,0.5357450473729544,12,False
critic_budget_002_full,critic_budget,baseline,2,32,6,10,83,0.3075006686551749,0.2512831666462698,-0.056217502008905074,0.02733602257710415,0.028284417946257478,0.0009483953691533271,0.4085930918281382,0.6302083333333334,0.0,0.43892165122156696,12,False
critic_budget_002_full,critic_budget,baseline,2,32,6,10,131,0.31908010374404583,0.3401631295428832,0.021083025798837363,0.028077397552315624,0.02764291906457643,-0.0004344784877391948,0.38074588031222895,0.6458333333333334,0.0,0.3686036426712923,12,False
critic_budget_002_full,critic_budget,baseline,2,32,6,10,173,0.32805631421865616,0.4407376677596057,0.11268135354094955,0.03609313446153868,0.032589350975598085,-0.0035037834859405967,0.3812615955473098,0.5625,0.0,0.5139146567717996,12,False
critic_budget_002_full,critic_budget,baseline,2,32,6,10,211,0.36250555547032276,0.2987278950900471,-0.06377766038027566,0.028006696929303045,0.02936648305213794,0.0013597861228348933,0.39776632302405496,0.6302083333333334,0.0,0.5008591065292096,12,False
critic_budget_002_full,critic_budget,baseline,2,32,6,10,257,0.35947698636717373,0.45052953973565657,0.09105255336848284,0.033521811099441724,0.03068257490283004,-0.0028392361966116837,0.37546125461254615,0.515625,0.0,0.45940959409594095,12,False
critic_budget_002_full,critic_budget,baseline,2,32,6,10,307,0.35707356381023764,0.26676182932641174,-0.0903117344838259,0.02924806501564852,0.031136694038575167,0.001888629022926646,0.37993138936535165,0.59375,0.0,0.5222984562607204,12,False
critic_budget_002_full,critic_budget,baseline,2,32,6,10,359,0.31330986058601307,0.41425346995330586,0.1009436093672928,0.035015921867799976,0.03216433123042075,-0.002851590637379227,0.3640238704177323,0.5677083333333334,0.0,0.37595907928388744,12,False
critic_budget_002_full,critic_budget,baseline,2,32,6,10,401,0.3846442592159018,0.3039650135583767,-0.0806792456575251,0.029912684464810737,0.03186309313729784,0.001950408672487105,0.3744607420189819,0.5729166666666666,0.0,0.5056082830025884,12,False
critic_budget_002_full,critic_budget,baseline,2,32,6,10,463,0.38125062873996834,0.4835094164900456,0.10225878775007724,0.032859664044816814,0.02945971729524296,-0.0033999467495738553,0.4073741007194245,0.5572916666666666,0.0,0.454136690647482,12,False
critic_budget_002_full,critic_budget,baseline,2,32,6,10,509,0.32906956791661235,0.3583466694297968,0.029277101513184467,0.030443608691240454,0.029756510522684798,-0.0006870981685556561,0.38074204946996465,0.6041666666666666,0.0,0.48851590106007065,12,False
critic_budget_002_full,critic_budget,baseline,2,32,6,10,571,0.3814217887196661,0.3787062497621504,-0.002715538957515695,0.030808566372827507,0.030882987005803754,7.442063297624646e-05,0.3968938740293356,0.5989583333333334,0.0,0.43226919758412424,12,False
critic_budget_002_full,critic_budget,baseline,2,32,6,10,631,0.3643252274980068,0.30602030086035487,-0.05830492663765191,0.030886462229058664,0.03227839817548371,0.0013919359464250464,0.38845822566752797,0.5625,0.0,0.4702842377260982,12,False
critic_budget_002_full,critic_budget,baseline,2,32,6,10,701,0.3180700790719064,0.36822339014021876,0.05015331106831239,0.032074924743555326,0.03084664617427407,-0.0012282785692812569,0.40561224489795916,0.59375,0.0,0.5433673469387755,12,False
critic_budget_002_full,critic_budget,baseline,2,32,6,10,761,0.328654800603016,0.37481095184696683,0.04615615124395084,0.025891580427905243,0.024949098440544975,-0.0009424819873602684,0.412725709372313,0.6510416666666666,0.0,0.5030094582975064,12,False
critic_budget_002_full,critic_budget,baseline,2,32,6,10,823,0.38671255085549544,0.4086786544088531,0.021966103553357652,0.026882883164802578,0.026330603398305875,-0.0005522797664967022,0.391500904159132,0.6145833333333334,0.0,0.3887884267631103,12,False
critic_budget_002_full,critic_budget,baseline,2,32,6,10,887,0.37701259602809367,0.3678865769289609,-0.009126019099132798,0.031439537681767764,0.03168867445643896,0.0002491367746711992,0.35977859778597787,0.609375,0.0,0.5276752767527675,12,False
critic_budget_002_full,critic_budget,baseline,2,32,6,10,947,0.3424972985051647,0.3825450165007242,0.040047717995559506,0.032770965526216986,0.03169296393258842,-0.001078001593628565,0.3724315068493151,0.5989583333333334,0.0,0.538527397260274,12,False
critic_budget_008_full,critic_budget,baseline,8,32,6,10,11,0.3579146179426079,0.4714268957129211,0.1135122777703132,0.028744879234769653,0.025641238197335037,-0.003103641037434615,0.3921901528013582,0.5729166666666666,0.0,0.8675721561969439,48,False
critic_budget_008_full,critic_budget,baseline,8,32,6,10,29,0.3953888269693421,0.5359255066956841,0.14053667972634198,0.028423211638691076,0.024013728207826258,-0.004409483430864818,0.40017905102954343,0.6197916666666666,0.0,0.8728737690241719,48,False
critic_budget_008_full,critic_budget,baseline,8,32,6,10,47,0.3422023937720332,0.5071939606240184,0.16499156685198524,0.028712482512422352,0.02415492051174787,-0.004557562000674482,0.3850129198966408,0.609375,0.0,0.9130060292850991,48,False
critic_budget_008_full,critic_budget,baseline,8,32,6,10,83,0.3075006686551749,0.47021655362891257,0.16271588497373768,0.02733602257710415,0.02351547409323116,-0.0038205484838729903,0.4085930918281382,0.6302083333333334,0.0,0.8559393428812131,48,False
critic_budget_008_full,critic_budget,baseline,8,32,6,10,131,0.31908010374404583,0.39510452412196184,0.07602442037791601,0.028077397552315624,0.026380118414402784,-0.0016972791379128403,0.38074588031222895,0.6458333333333334,0.0,0.8777103209019947,48,False
critic_budget_008_full,critic_budget,baseline,8,32,6,10,173,0.32805631421865616,0.5673354930079652,0.239279178789309,0.03609313446153868,0.027427641836424634,-0.008665492625114048,0.3812615955473098,0.5625,0.0,0.8849721706864564,48,False
critic_budget_008_full,critic_budget,baseline,8,32,6,10,211,0.36250555547032276,0.4664490430714129,0.10394348760109012,0.028006696929303045,0.02522842190223871,-0.0027782750270643336,0.39776632302405496,0.6302083333333334,0.0,0.8462199312714777,48,False
critic_budget_008_full,critic_budget,baseline,8,32,6,10,257,0.35947698636717373,0.5173725287960661,0.15789554242889237,0.033521811099441724,0.028191950974094746,-0.005329860125346978,0.37546125461254615,0.515625,0.0,0.9169741697416974,48,False
critic_budget_008_full,critic_budget,baseline,8,32,6,10,307,0.35707356381023764,0.39892534612387587,0.04185178231363823,0.02924806501564852,0.028187426015173312,-0.0010606390004752088,0.37993138936535165,0.59375,0.0,0.9262435677530018,48,False
critic_budget_008_full,critic_budget,baseline,8,32,6,10,359,0.31330986058601307,0.530485624152906,0.21717576356689294,0.035015921867799976,0.027900738407462936,-0.00711518346033704,0.3640238704177323,0.5677083333333334,0.0,0.8721227621483376,48,False
critic_budget_008_full,critic_budget,baseline,8,32,6,10,401,0.3846442592159018,0.4801914826487706,0.09554722343286881,0.029912684464810737,0.027011718558563696,-0.002900965906247041,0.3744607420189819,0.5729166666666666,0.0,0.8852459016393442,48,False
critic_budget_008_full,critic_budget,baseline,8,32,6,10,463,0.38125062873996834,0.4551734646499187,0.07392283590995036,0.032859664044816814,0.03048238034119318,-0.0023772837036236324,0.4073741007194245,0.5572916666666666,0.0,0.9577338129496403,48,False
critic_budget_008_full,critic_budget,baseline,8,32,6,10,509,0.32906956791661235,0.4345994363507218,0.10552986843410944,0.030443608691240454,0.027692222922494566,-0.0027513857687458884,0.38074204946996465,0.6041666666666666,0.0,0.9134275618374559,48,False
critic_budget_008_full,critic_budget,baseline,8,32,6,10,571,0.3814217887196661,0.465176398331304,0.08375460961163789,0.030808566372827507,0.028252120380185396,-0.002556445992642112,0.3968938740293356,0.5989583333333334,0.0,0.8748921484037964,48,False
critic_budget_008_full,critic_budget,baseline,8,32,6,10,631,0.3643252274980068,0.3528011418865502,-0.01152408561145657,0.030886462229058664,0.031180780652695313,0.00029431842363664834,0.38845822566752797,0.5625,0.0,0.8277347114556417,48,False
critic_budget_008_full,critic_budget,baseline,8,32,6,10,701,0.3180700790719064,0.42218469460696556,0.10411461553505919,0.032074924743555326,0.029324623186029887,-0.002750301557525439,0.40561224489795916,0.59375,0.0,0.8835034013605442,48,False
critic_budget_008_full,critic_budget,baseline,8,32,6,10,761,0.328654800603016,0.34819280596108576,0.019538005358069765,0.025891580427905243,0.02550772151079952,-0.00038385891710572204,0.412725709372313,0.6510416666666666,0.0,0.8469475494411006,48,False
critic_budget_008_full,critic_budget,baseline,8,32,6,10,823,0.38671255085549544,0.4287061160096604,0.04199356515416497,0.026882883164802578,0.025800480837626528,-0.0010824023271760498,0.391500904159132,0.6145833333333334,0.0,0.849005424954792,48,False
critic_budget_008_full,critic_budget,baseline,8,32,6,10,887,0.37701259602809367,0.5007287118610485,0.12371611583295483,0.031439537681767764,0.027459824383494053,-0.003979713298273711,0.35977859778597787,0.609375,0.0,0.9031365313653137,48,False
critic_budget_008_full,critic_budget,baseline,8,32,6,10,947,0.3424972985051647,0.4342962730291796,0.09179897452401492,0.032770965526216986,0.03012355233948946,-0.002647413186727527,0.3724315068493151,0.5989583333333334,0.0,0.9023972602739726,48,False
critic_budget_032_full,critic_budget,baseline,32,32,6,10,11,0.3579146179426079,0.715290714245967,0.3573760963033591,0.028744879234769653,0.016100323805571862,-0.01264455542919779,0.3921901528013582,0.5729166666666666,0.0,0.9753820033955858,192,False
critic_budget_032_full,critic_budget,baseline,32,32,6,10,29,0.3953888269693421,0.7607290647978087,0.3653402378284666,0.028423211638691076,0.014193327353924786,-0.01422988428476629,0.40017905102954343,0.6197916666666666,0.0,0.9740376007162042,192,False
critic_budget_032_full,critic_budget,baseline,32,32,6,10,47,0.3422023937720332,0.74911845664332,0.4069160628712868,0.028712482512422352,0.014270802017071907,-0.014441680495350445,0.3850129198966408,0.609375,0.0,0.9870801033591732,192,False
critic_budget_032_full,critic_budget,baseline,32,32,6,10,83,0.3075006686551749,0.7093518052736839,0.401851136618509,0.02733602257710415,0.014999373900289027,-0.012336648676815123,0.4085930918281382,0.6302083333333334,0.0,0.974726200505476,192,False
critic_budget_032_full,critic_budget,baseline,32,32,6,10,131,0.31908010374404583,0.7147110437000658,0.39563093995601994,0.028077397552315624,0.015292044825531525,-0.0127853527267841,0.38074588031222895,0.6458333333333334,0.0,0.97398091934085,192,False
critic_budget_032_full,critic_budget,baseline,32,32,6,10,173,0.32805631421865616,0.8278924898561785,0.4998361756375223,0.03609313446153868,0.012724059797185168,-0.023369074664353513,0.3812615955473098,0.5625,0.0,0.9795918367346939,192,False
critic_budget_032_full,critic_budget,baseline,32,32,6,10,211,0.36250555547032276,0.6671452801468979,0.30463972467657513,0.028006696929303045,0.017892679072637828,-0.010114017856665217,0.39776632302405496,0.6302083333333334,0.0,0.9707903780068728,192,False
critic_budget_032_full,critic_budget,baseline,32,32,6,10,257,0.35947698636717373,0.7951093506747963,0.43563236430762253,0.033521811099441724,0.01415904375822048,-0.01936276734122124,0.37546125461254615,0.515625,0.0,0.992619926199262,192,False
critic_budget_032_full,critic_budget,baseline,32,32,6,10,307,0.35707356381023764,0.7083204677210324,0.35124690391079477,0.02924806501564852,0.016703510890291512,-0.012544554125357009,0.37993138936535165,0.59375,0.0,0.9828473413379074,192,False
critic_budget_032_full,critic_budget,baseline,32,32,6,10,359,0.31330986058601307,0.7800429862790469,0.4667331256930338,0.035015921867799976,0.015202179401818288,-0.019813742465981686,0.3640238704177323,0.5677083333333334,0.0,0.9820971867007673,192,False
critic_budget_032_full,critic_budget,baseline,32,32,6,10,401,0.3846442592159018,0.6909876280531937,0.3063433688372919,0.029912684464810737,0.01834455670855766,-0.011568127756253078,0.3744607420189819,0.5729166666666666,0.0,0.9732528041415013,192,False
critic_budget_032_full,critic_budget,baseline,32,32,6,10,463,0.38125062873996834,0.7565078551232366,0.37525722638326825,0.032859664044816814,0.016444130368295885,-0.01641553367652093,0.4073741007194245,0.5572916666666666,0.0,0.9865107913669064,192,False
critic_budget_032_full,critic_budget,baseline,32,32,6,10,509,0.32906956791661235,0.6718117970094184,0.34274222909280605,0.030443608691240454,0.01873187613916725,-0.011711732552073206,0.38074204946996465,0.6041666666666666,0.0,0.980565371024735,192,False
critic_budget_032_full,critic_budget,baseline,32,32,6,10,571,0.3814217887196661,0.716990527279175,0.3355687385595089,0.030808566372827507,0.017519408566166923,-0.013289157806660585,0.3968938740293356,0.5989583333333334,0.0,0.9792924935289042,192,False
critic_budget_032_full,critic_budget,baseline,32,32,6,10,631,0.3643252274980068,0.7200106997051722,0.3556854722071654,0.030886462229058664,0.017150937502204925,-0.01373552472685374,0.38845822566752797,0.5625,0.0,0.9612403100775194,192,False
critic_budget_032_full,critic_budget,baseline,32,32,6,10,701,0.3180700790719064,0.7002764959928037,0.38220641692089735,0.032074924743555326,0.018185604878367994,-0.013889319865187332,0.40561224489795916,0.59375,0.0,0.9685374149659864,192,False
critic_budget_032_full,critic_budget,baseline,32,32,6,10,761,0.328654800603016,0.7003807674707154,0.37172596686769943,0.025891580427905243,0.014788236360435528,-0.011103344067469715,0.412725709372313,0.6510416666666666,0.0,0.9733447979363714,192,False
critic_budget_032_full,critic_budget,baseline,32,32,6,10,823,0.38671255085549544,0.7979821485797812,0.4112695977242858,0.026882883164802578,0.011481547968915939,-0.015401335195886639,0.391500904159132,0.6145833333333334,0.0,0.9927667269439421,192,False
critic_budget_032_full,critic_budget,baseline,32,32,6,10,887,0.37701259602809367,0.7712142204036625,0.3942016243755688,0.031439537681767764,0.01485111597670401,-0.016588421705063756,0.35977859778597787,0.609375,0.0,0.985239852398524,192,False
critic_budget_032_full,critic_budget,baseline,32,32,6,10,947,0.3424972985051647,0.7398337040169415,0.3973364055117768,0.032770965526216986,0.0168049431937936,-0.015966022332423387,0.3724315068493151,0.5989583333333334,0.0,0.9837328767123288,192,False
critic_budget_128_full,critic_budget,baseline,128,32,6,10,11,0.3579146179426079,0.9068364904135404,0.5489218724709325,0.028744879234769653,0.0058567210163920904,-0.02288815821837756,0.3921901528013582,0.5729166666666666,0.0,0.9940577249575552,768,False
critic_budget_128_full,critic_budget,baseline,128,32,6,10,29,0.3953888269693421,0.8840971229705893,0.4887082960012472,0.028423211638691076,0.007356974351147381,-0.021066237287543695,0.40017905102954343,0.6197916666666666,0.0,0.9955237242614146,768,False
critic_budget_128_full,critic_budget,baseline,128,32,6,10,47,0.3422023937720332,0.9092414210188559,0.5670390272468226,0.028712482512422352,0.005635195418810485,-0.023077287093611867,0.3850129198966408,0.609375,0.0,0.9974160206718347,768,False
critic_budget_128_full,critic_budget,baseline,128,32,6,10,83,0.3075006686551749,0.8957198821875981,0.5882192135324232,0.02733602257710415,0.005968287349776869,-0.02136773522732728,0.4085930918281382,0.6302083333333334,0.0,0.995787700084246,768,False
critic_budget_128_full,critic_budget,baseline,128,32,6,10,131,0.31908010374404583,0.8985950770288139,0.5795149732847681,0.028077397552315624,0.006018399977134579,-0.022058997575181045,0.38074588031222895,0.6458333333333334,0.0,0.9921942758022549,768,False
critic_budget_128_full,critic_budget,baseline,128,32,6,10,173,0.32805631421865616,0.94175134194392,0.6136950277252637,0.03609313446153868,0.004574617316371636,-0.03151851714516705,0.3812615955473098,0.5625,0.0,1.0,768,False
critic_budget_128_full,critic_budget,baseline,128,32,6,10,211,0.36250555547032276,0.8727158816516357,0.5102103261813129,0.028006696929303045,0.007685875014876299,-0.020320821914426745,0.39776632302405496,0.6302083333333334,0.0,0.993127147766323,768,False
critic_budget_128_full,critic_budget,baseline,128,32,6,10,257,0.35947698636717373,0.9166810957431129,0.5572041093759391,0.033521811099441724,0.006147722916780689,-0.027374088182661037,0.37546125461254615,0.515625,0.0,0.9981549815498155,768,False
critic_budget_128_full,critic_budget,baseline,128,32,6,10,307,0.35707356381023764,0.8797588838723286,0.5226853200620909,0.02924806501564852,0.007576831170877525,-0.021671233844770994,0.37993138936535165,0.59375,0.0,0.9931389365351629,768,False
critic_budget_128_full,critic_budget,baseline,128,32,6,10,359,0.31330986058601307,0.9381499529535626,0.6248400923675496,0.035015921867799976,0.004654413436785545,-0.03036150843101443,0.3640238704177323,0.5677083333333334,0.0,0.9974424552429667,768,False
critic_budget_128_full,critic_budget,baseline,128,32,6,10,401,0.3846442592159018,0.9052865147483146,0.5206422555324128,0.029912684464810737,0.006335239465968632,-0.023577444998842106,0.3744607420189819,0.5729166666666666,0.0,0.9922346850733391,768,False
critic_budget_128_full,critic_budget,baseline,128,32,6,10,463,0.38125062873996834,0.9145125446876713,0.533261915947703,0.032859664044816814,0.006292691858346283,-0.02656697218647053,0.4073741007194245,0.5572916666666666,0.0,0.9964028776978417,768,False
critic_budget_128_full,critic_budget,baseline,128,32,6,10,509,0.32906956791661235,0.9228940672677635,0.5938244993511511,0.030443608691240454,0.005061906054019249,-0.025381702637221205,0.38074204946996465,0.6041666666666666,0.0,0.9929328621908127,768,False
critic_budget_128_full,critic_budget,baseline,128,32,6,10,571,0.3814217887196661,0.8796604174378112,0.4982386287181451,0.030808566372827507,0.0081552722936376,-0.02265329407918991,0.3968938740293356,0.5989583333333334,0.0,0.996548748921484,768,False
critic_budget_128_full,critic_budget,baseline,128,32,6,10,631,0.3643252274980068,0.8806934037284182,0.5163681762304114,0.030886462229058664,0.007990937570199062,-0.022895524658859603,0.38845822566752797,0.5625,0.0,0.9870801033591732,768,False
critic_budget_128_full,critic_budget,baseline,128,32,6,10,701,0.3180700790719064,0.9089451995547132,0.5908751204828069,0.032074924743555326,0.006202741845274865,-0.02587218289828046,0.40561224489795916,0.59375,0.0,0.9991496598639455,768,False
critic_budget_128_full,critic_budget,baseline,128,32,6,10,761,0.328654800603016,0.8968472400033859,0.5681924394003699,0.025891580427905243,0.005679547309885049,-0.020212033118020195,0.412725709372313,0.6510416666666666,0.0,0.9974204643164231,768,False
critic_budget_128_full,critic_budget,baseline,128,32,6,10,823,0.38671255085549544,0.935218712182892,0.5485061613273965,0.026882883164802578,0.0039628255397501115,-0.022920057625052465,0.391500904159132,0.6145833333333334,0.0,0.9963833634719711,768,False
critic_budget_128_full,critic_budget,baseline,128,32,6,10,887,0.37701259602809367,0.9144964346569139,0.5374838386288202,0.031439537681767764,0.005999261029720666,-0.025440276652047098,0.35977859778597787,0.609375,0.0,0.9981549815498155,768,False
critic_budget_128_full,critic_budget,baseline,128,32,6,10,947,0.3424972985051647,0.9193259000419071,0.5768286015367423,0.032770965526216986,0.005748587257391361,-0.027022378268825625,0.3724315068493151,0.5989583333333334,0.0,0.9982876712328768,768,False
observability_full,observability,baseline,80,32,6,10,11,0.3579146179426079,0.8433983442642328,0.48548372632162484,0.028744879234769653,0.009517234817188233,-0.01922764441758142,0.3921901528013582,0.5729166666666666,0.0,0.9906621392190152,480,False
observability_full,observability,baseline,80,32,6,10,29,0.3953888269693421,0.8557376226823831,0.460348795713041,0.028423211638691076,0.00901927017132195,-0.019403941467369124,0.40017905102954343,0.6197916666666666,0.0,0.9919427036705462,480,False
observability_full,observability,baseline,80,32,6,10,47,0.3422023937720332,0.8667964722337095,0.5245940784616763,0.028712482512422352,0.008086733746236766,-0.020625748766185587,0.3850129198966408,0.609375,0.0,0.9956933677863911,480,False
observability_full,observability,baseline,80,32,6,10,83,0.3075006686551749,0.8718431345155033,0.5643424658603284,0.02733602257710415,0.007242447805534349,-0.0200935747715698,0.4085930918281382,0.6302083333333334,0.0,0.9932603201347936,480,False
observability_full,observability,baseline,80,32,6,10,131,0.31908010374404583,0.8430025769854075,0.5239224732413617,0.028077397552315624,0.009044990677768807,-0.01903240687454682,0.38074588031222895,0.6458333333333334,0.0,0.9835212489158717,480,False
observability_full,observability,baseline,80,32,6,10,173,0.32805631421865616,0.9353977414340476,0.6073414272153914,0.03609313446153868,0.005057002434887771,-0.03103613202665091,0.3812615955473098,0.5625,0.0,1.0,480,False
observability_full,observability,baseline,80,32,6,10,211,0.36250555547032276,0.8353223880648042,0.47281683259448143,0.028006696929303045,0.009745275661914606,-0.018261421267388438,0.39776632302405496,0.6302083333333334,0.0,0.9871134020618557,480,False
observability_full,observability,baseline,80,32,6,10,257,0.35947698636717373,0.8710022275271347,0.511525241159961,0.033521811099441724,0.009291319438967997,-0.024230491660473728,0.37546125461254615,0.515625,0.0,0.9953874538745388,480,False
observability_full,observability,baseline,80,32,6,10,307,0.35707356381023764,0.867547612167246,0.5104740483570083,0.02924806501564852,0.008292088722004133,-0.020955976293644388,0.37993138936535165,0.59375,0.0,0.9914236706689536,480,False
observability_full,observability,baseline,80,32,6,10,359,0.31330986058601307,0.8903474120632755,0.5770375514772624,0.035015921867799976,0.008048187051294852,-0.026967734816505124,0.3640238704177323,0.5677083333333334,0.0,0.9931798806479113,480,False
observability_full,observability,baseline,80,32,6,10,401,0.3846442592159018,0.808647712757357,0.42400345354145524,0.029912684464810737,0.012150063985509349,-0.01776262047930139,0.3744607420189819,0.5729166666666666,0.0,0.9887834339948232,480,False
observability_full,observability,baseline,80,32,6,10,463,0.38125062873996834,0.870134775044945,0.4888841463049766,0.032859664044816814,0.009337736998991451,-0.023521927045825362,0.4073741007194245,0.5572916666666666,0.0,0.9937050359712231,480,False
observability_full,observability,baseline,80,32,6,10,509,0.32906956791661235,0.892835551004345,0.5637659830877326,0.030443608691240454,0.006925235483287635,-0.02351837320795282,0.38074204946996465,0.6041666666666666,0.0,0.9885159010600707,480,False
observability_full,observability,baseline,80,32,6,10,571,0.3814217887196661,0.8356316780636807,0.4542098893440146,0.030808566372827507,0.010878129752715321,-0.019930436620112187,0.3968938740293356,0.5989583333333334,0.0,0.9930974978429681,480,False
observability_full,observability,baseline,80,32,6,10,631,0.3643252274980068,0.8448545341843102,0.48052930668630345,0.030886462229058664,0.010193339667842543,-0.020693122561216123,0.38845822566752797,0.5625,0.0,0.983634797588286,480,False
observability_full,observability,baseline,80,32,6,10,701,0.3180700790719064,0.8307560663101707,0.5126859872382643,0.032074924743555326,0.01105683913593742,-0.021018085607617906,0.40561224489795916,0.59375,0.0,0.9889455782312925,480,False
observability_full,observability,baseline,80,32,6,10,761,0.328654800603016,0.8594746288259986,0.5308198282229826,0.025891580427905243,0.007584824040513977,-0.018306756387391265,0.412725709372313,0.6510416666666666,0.0,0.9957007738607051,480,False
observability_full,observability,baseline,80,32,6,10,823,0.38671255085549544,0.8906911372109706,0.5039785863554751,0.026882883164802578,0.0065328289295320105,-0.020350054235270566,0.391500904159132,0.6145833333333334,0.0,0.9963833634719711,480,False
observability_full,observability,baseline,80,32,6,10,887,0.37701259602809367,0.8942649294939022,0.5172523334658086,0.031439537681767764,0.007340383500449814,-0.02409915418131795,0.35977859778597787,0.609375,0.0,0.9953874538745388,480,False
observability_full,observability,baseline,80,32,6,10,947,0.3424972985051647,0.8810655176688122,0.5385682191636476,0.032770965526216986,0.0083059628453085,-0.024465002680908485,0.3724315068493151,0.5989583333333334,0.0,0.9957191780821918,480,False
observability_coarse,observability,coarse_critic,80,32,6,10,11,0.3607434454330453,0.7014807291887497,0.3407372837557044,0.029261935986812978,0.01708641781326816,-0.012175518173544817,0.4397283531409168,0.5677083333333334,0.0,1.0,480,False
observability_coarse,observability,coarse_critic,80,32,6,10,29,0.37817950488193897,0.7095745108090721,0.3313950059271331,0.028659731222747464,0.016604433276470355,-0.012055297946277108,0.4529991047448523,0.6302083333333334,0.0,1.0,480,False
observability_coarse,observability,coarse_critic,80,32,6,10,47,0.3505207200241096,0.7020378749248823,0.35151715490077273,0.02462705136505149,0.014238890398442363,-0.010388160966609127,0.45305770887166236,0.6458333333333334,0.0,1.0,480,False
observability_coarse,observability,coarse_critic,80,32,6,10,83,0.32138461361458937,0.7732566544044365,0.4518720407898471,0.03074768508825349,0.013786868246986009,-0.016960816841267483,0.45577085088458297,0.578125,0.0,1.0,480,False
observability_coarse,observability,coarse_critic,80,32,6,10,131,0.3443360596495586,0.7265601589378392,0.3822240992882806,0.030889412594298876,0.016544894811757284,-0.014344517782541592,0.4336513443191674,0.6145833333333334,0.0,1.0,480,False
observability_coarse,observability,coarse_critic,80,32,6,10,173,0.35519027146849314,0.7280060886106476,0.3728158171421545,0.030625738571879394,0.016472486686152955,-0.014153251885726439,0.4461966604823748,0.609375,0.0,1.0,480,False
observability_coarse,observability,coarse_critic,80,32,6,10,211,0.36553004015963164,0.7350610673303971,0.36953102717076547,0.028215441995898476,0.014970457825813889,-0.013244984170084587,0.4527491408934708,0.6302083333333334,0.0,0.9965635738831615,480,False
observability_coarse,observability,coarse_critic,80,32,6,10,257,0.38032680949217335,0.7667080341267556,0.38638122463458224,0.03347081748879538,0.01612821320831863,-0.01734260428047675,0.44095940959409596,0.546875,0.0,1.0,480,False
observability_coarse,observability,coarse_critic,80,32,6,10,307,0.34239274048477536,0.7099686645762616,0.36757592409148626,0.027918744062850716,0.015684936252217587,-0.01223380781063313,0.45197255574614065,0.6197916666666666,0.0,1.0,480,False
observability_coarse,observability,coarse_critic,80,32,6,10,359,0.32778127473984686,0.7598592932239417,0.4320780184840949,0.031083983968893423,0.014717812337798567,-0.016366171631094856,0.46121057118499575,0.5989583333333334,0.0,1.0,480,False
observability_coarse,observability,coarse_critic,80,32,6,10,401,0.37078603579846037,0.7581157498735482,0.38732971407508787,0.02923327225988113,0.014413334402884176,-0.014819937856996956,0.4426229508196721,0.625,0.0,1.0,480,False
observability_coarse,observability,coarse_critic,80,32,6,10,463,0.36732032905466055,0.7033888298597347,0.33606850080507417,0.02889991243847232,0.01687888184928744,-0.01202103058918488,0.4568345323741007,0.6041666666666666,0.0,1.0,480,False
observability_coarse,observability,coarse_critic,80,32,6,10,509,0.3077382543427071,0.7501314811270436,0.44239322678433657,0.03005462349176561,0.014517851503592544,-0.015536771988173066,0.44081272084805656,0.6354166666666666,0.0,1.0,480,False
observability_coarse,observability,coarse_critic,80,32,6,10,571,0.378786657681029,0.760311123413646,0.38152446573261706,0.028833304357573645,0.014203451167307925,-0.01462985319026572,0.4641932700603969,0.625,0.0,1.0,480,False
observability_coarse,observability,coarse_critic,80,32,6,10,631,0.35650784121727797,0.7567282788575922,0.40022043764031423,0.03329928529492,0.016302926280620078,-0.016996359014299925,0.43324720068906114,0.5572916666666666,0.0,0.9982773471145564,480,False
observability_coarse,observability,coarse_critic,80,32,6,10,701,0.34530493288447645,0.7141113788313478,0.36880644594687134,0.026184372984116615,0.014568615564601635,-0.011615757419514981,0.4770408163265306,0.65625,0.0,0.9982993197278912,480,False
observability_coarse,observability,coarse_critic,80,32,6,10,761,0.3591852798904552,0.7070747645044577,0.34788948461400254,0.028188167890953915,0.01618322371319341,-0.012004944177760504,0.4643164230438521,0.6197916666666666,0.0,0.9974204643164231,480,False
observability_coarse,observability,coarse_critic,80,32,6,10,823,0.375221605638497,0.7614040471289064,0.3861824414904094,0.032014241984562666,0.015659092750650867,-0.0163551492339118,0.4448462929475588,0.5729166666666666,0.0,1.0,480,False
observability_coarse,observability,coarse_critic,80,32,6,10,887,0.380129216197216,0.7556243365685567,0.37549512037134064,0.0332354670688081,0.01666749815209285,-0.01656796891671525,0.4252767527675277,0.59375,0.0,0.9990774907749077,480,False
observability_coarse,observability,coarse_critic,80,32,6,10,947,0.34742101002149384,0.7844879966164766,0.4370669865949828,0.03170969002602803,0.013868857613491919,-0.017840832412536114,0.4537671232876712,0.609375,0.0,1.0,480,False
observability_blind,observability,blind_critic,80,32,6,10,11,0.35849820680134264,0.4004480244647601,0.04194981766341743,0.02879470151949853,0.027742747583096923,-0.0010519539364016069,0.44227504244482174,0.5677083333333334,0.0,1.0,480,False
observability_blind,observability,blind_critic,80,32,6,10,29,0.37644412859182025,0.5009621267081233,0.1245179981163031,0.028724840105680806,0.025068416402852258,-0.0036564237028285478,0.4440465532676813,0.6302083333333334,0.0,1.0,480,False
observability_blind,observability,blind_critic,80,32,6,10,47,0.34231591423144525,0.4234003503315683,0.08108443610012306,0.024626886772591665,0.02289490700631232,-0.0017319797662793436,0.45391903531438416,0.6510416666666666,0.0,1.0,480,False
observability_blind,observability,blind_critic,80,32,6,10,83,0.32059413984036333,0.45886043929146997,0.13826629945110663,0.029910262756268784,0.026317498458918013,-0.0035927642973507708,0.45661331086773377,0.5885416666666666,0.0,1.0,480,False
observability_blind,observability,blind_critic,80,32,6,10,131,0.3398365476445628,0.4633501115724384,0.1235135639278756,0.03063520969437388,0.027199244947367966,-0.003435964747005915,0.42584562012142235,0.6145833333333334,0.0,1.0,480,False
observability_blind,observability,blind_critic,80,32,6,10,173,0.3597996142811378,0.48453872050742075,0.12473910622628293,0.03202733206302033,0.028152534186317656,-0.003874797876702675,0.44155844155844154,0.5989583333333334,0.0,1.0,480,False
observability_blind,observability,blind_critic,80,32,6,10,211,0.35533478818062075,0.5190689207638914,0.1637341325832707,0.02931402295414631,0.024510655431123504,-0.004803367523022805,0.45017182130584193,0.6145833333333334,0.0,1.0,480,False
observability_blind,observability,blind_critic,80,32,6,10,257,0.38389206356744743,0.4870594490271171,0.10316738545966969,0.03254758678368216,0.02911757056214695,-0.003430016221535208,0.4354243542435424,0.5416666666666666,0.0,1.0,480,False
observability_blind,observability,blind_critic,80,32,6,10,307,0.3359873344429838,0.4171173757308922,0.0811300412879084,0.028905051343958384,0.026914230854851028,-0.001990820489107356,0.44082332761578047,0.6145833333333334,0.0,1.0,480,False
observability_blind,observability,blind_critic,80,32,6,10,359,0.3304942501625467,0.5209611258716966,0.19046687570914994,0.030986276873353646,0.02534492182273662,-0.005641355050617025,0.4441602728047741,0.6041666666666666,0.0,1.0,480,False
observability_blind,observability,blind_critic,80,32,6,10,401,0.3599677558145786,0.45563300629005343,0.0956652504754748,0.029919618074159136,0.027237626458480133,-0.0026819916156790025,0.4374460742018982,0.6197916666666666,0.0,1.0,480,False
observability_blind,observability,blind_critic,80,32,6,10,463,0.37242939697393157,0.4766984743142159,0.10426907734028434,0.028934146579586806,0.025959833368777437,-0.0029743132108093692,0.45143884892086333,0.59375,0.0,1.0,480,False
observability_blind,observability,blind_critic,80,32,6,10,509,0.29707289270244946,0.486150113279716,0.18907722057726656,0.029951341806576243,0.025086527652953914,-0.004864814153622329,0.4363957597173145,0.640625,0.0,1.0,480,False
observability_blind,observability,blind_critic,80,32,6,10,571,0.37671303579266774,0.5318407260206187,0.15512769022795098,0.029968801492439544,0.025046390595462945,-0.004922410896976599,0.453839516824849,0.6197916666666666,0.0,1.0,480,False
observability_blind,observability,blind_critic,80,32,6,10,631,0.34851550788296365,0.4910684473413511,0.14255293945838743,0.033065635053049845,0.028561025556691336,-0.0045046094963585095,0.4263565891472868,0.5625,0.0,1.0,480,False
observability_blind,observability,blind_critic,80,32,6,10,701,0.341461909325974,0.4866728798025903,0.1452109704766163,0.02737227263061257,0.02364619354432154,-0.00372607908629103,0.47023809523809523,0.640625,0.0,1.0,480,False
observability_blind,observability,blind_critic,80,32,6,10,761,0.3519732221523494,0.4860262464028548,0.13405302425050541,0.027517469217261885,0.023989150515775562,-0.003528318701486323,0.46775580395528804,0.6302083333333334,0.0,1.0,480,False
observability_blind,observability,blind_critic,80,32,6,10,823,0.374618390223237,0.5514741575959657,0.17685576737272873,0.031952744010813106,0.02586502609211038,-0.0060877179187027244,0.4349005424954792,0.5625,0.0,1.0,480,False
observability_blind,observability,blind_critic,80,32,6,10,887,0.373772514942846,0.5001584835483495,0.12638596860550344,0.03170766357956639,0.027636736727306863,-0.004070926852259529,0.42343173431734316,0.6041666666666666,0.0,1.0,480,False
observability_blind,observability,blind_critic,80,32,6,10,947,0.35133450793880255,0.49939750567993174,0.1480629977411292,0.031164150082131272,0.02668587322437821,-0.004478276857753063,0.4486301369863014,0.6041666666666666,0.0,1.0,480,False
blind_undercovered_counterexample,counterexample,blind_critic,2,32,8,4,11,0.5177234467676904,0.45976037300604916,-0.05796307376164128,0.0506839713732447,0.0546071928891023,0.003923221515857597,0.3125810635538262,0.3984375,0.0,0.6939040207522698,16,False
blind_undercovered_counterexample,counterexample,blind_critic,2,32,8,4,29,0.47160002699919334,0.49594605670155206,0.024346029702358718,0.05347086259908743,0.05185105130295162,-0.001619811296135816,0.32407407407407407,0.4140625,0.0,0.6970899470899471,16,False
blind_undercovered_counterexample,counterexample,blind_critic,2,32,8,4,47,0.5183397498488583,0.4503866022322058,-0.06795314761665255,0.04759745056771712,0.05188179733748786,0.004284346769770735,0.33029908972691807,0.43359375,0.0,0.682704811443433,16,False
blind_undercovered_counterexample,counterexample,blind_critic,2,32,8,4,83,0.5116800135261089,0.4126306579612248,-0.09904935556488415,0.047249195296565204,0.05310922296790145,0.005860027671336247,0.35732647814910024,0.4296875,0.0,0.6889460154241646,16,False
blind_undercovered_counterexample,counterexample,blind_critic,2,32,8,4,131,0.5247576428378274,0.4636636573688427,-0.06109398546898476,0.049428122695979924,0.05354718829902611,0.0041190656030461875,0.31483870967741934,0.43359375,0.0,0.6812903225806451,16,False
blind_undercovered_counterexample,counterexample,blind_critic,2,32,8,4,173,0.5251778495549028,0.5049297852448305,-0.02024806431007231,0.048056487802840185,0.04944058530525144,0.0013840975024112523,0.31564625850340133,0.46875,0.0,0.6802721088435374,16,False
blind_undercovered_counterexample,counterexample,blind_critic,2,32,8,4,211,0.5084873444915553,0.4938448400998837,-0.014642504391671585,0.049224742210865716,0.05019913511691142,0.0009743929060457013,0.3271276595744681,0.4609375,0.0,0.6702127659574468,16,False
blind_undercovered_counterexample,counterexample,blind_critic,2,32,8,4,257,0.5024570572525292,0.4321506039988873,-0.07030645325364193,0.05081071876899829,0.05527701193279691,0.004466293163798617,0.308974358974359,0.40625,0.0,0.6987179487179487,16,False
blind_undercovered_counterexample,counterexample,blind_critic,2,32,8,4,307,0.5356208695741708,0.4784908100419199,-0.057130059532250865,0.0426390313733399,0.04610321649276357,0.003464185119423667,0.3394495412844037,0.4765625,0.0,0.6972477064220184,16,False
blind_undercovered_counterexample,counterexample,blind_critic,2,32,8,4,359,0.5245126234708108,0.4198380874756627,-0.10467453599514814,0.05007151880786528,0.056899543839766385,0.006828025031901108,0.3153034300791557,0.42578125,0.0,0.7058047493403694,16,False
blind_undercovered_counterexample,counterexample,blind_critic,2,32,8,4,401,0.5021489308450656,0.4080011613625094,-0.09414776948255621,0.04749107559028317,0.05293262555565746,0.005441549965374291,0.33376455368693403,0.3984375,0.0,0.703751617076326,16,False
blind_undercovered_counterexample,counterexample,blind_critic,2,32,8,4,463,0.5026590059700172,0.47122359650538354,-0.03143540946463369,0.049354384167453566,0.05137617754617753,0.002021793378723963,0.3520208604954368,0.390625,0.0,0.6923076923076923,16,False
blind_undercovered_counterexample,counterexample,blind_critic,2,32,8,4,509,0.5254605005380814,0.49533776849428895,-0.0301227320437924,0.048182379614105646,0.05022905607117955,0.0020466764570739038,0.3484224965706447,0.43359375,0.0,0.7050754458161865,16,False
blind_undercovered_counterexample,counterexample,blind_critic,2,32,8,4,571,0.509458299194968,0.49577285867836635,-0.013685440516601644,0.05129784074682112,0.05225091503987349,0.0009530742930523653,0.36222509702457956,0.41796875,0.0,0.6921086675291074,16,False
blind_undercovered_counterexample,counterexample,blind_critic,2,32,8,4,631,0.4726176058597474,0.43227024369197015,-0.040347362167777234,0.05266420916153307,0.05513997664420246,0.0024757674826693943,0.29726205997392435,0.41796875,0.0,0.6831812255541069,16,False
blind_undercovered_counterexample,counterexample,blind_critic,2,32,8,4,701,0.5127650308934254,0.46262428850476406,-0.05014074238866134,0.050905854181737466,0.05428359683202459,0.0033777426502871258,0.32287581699346407,0.4296875,0.0,0.6862745098039216,16,False
blind_undercovered_counterexample,counterexample,blind_critic,2,32,8,4,761,0.49839032386293036,0.4006449285270263,-0.09774539533590404,0.05062269660914647,0.05654141175984797,0.005918715150701498,0.31640625,0.4375,0.0,0.6979166666666666,16,False
blind_undercovered_counterexample,counterexample,blind_critic,2,32,8,4,823,0.5198189713238225,0.4476346337378682,-0.07218433758595427,0.0446686826823858,0.04894312448718384,0.004274441804798038,0.3324641460234681,0.44921875,0.0,0.7027379400260756,16,False
blind_undercovered_counterexample,counterexample,blind_critic,2,32,8,4,887,0.4955429076841303,0.4465202833457604,-0.0490226243383699,0.04800490771259996,0.050943498555825674,0.0029385908432257163,0.343046357615894,0.42578125,0.0,0.7059602649006622,16,False
blind_undercovered_counterexample,counterexample,blind_critic,2,32,8,4,947,0.5130548349192727,0.4189820020072616,-0.09407283291201113,0.04790797795950605,0.05360923229209913,0.005701254332593081,0.3223684210526316,0.44921875,0.0,0.6881578947368421,16,False
sparse_hard_group04,sparse_reward,sparse_hard,180,36,4,14,11,0.28188832786274276,0.8324200616902151,0.5505317338274723,0.020863573738855216,0.006959749144832834,-0.013903824594022382,0.4067103109656301,0.4861111111111111,0.0,0.9942716857610474,720,False
sparse_hard_group04,sparse_reward,sparse_hard,180,36,4,14,29,0.2903496146157239,0.847998952977101,0.5576493383613772,0.022735595566118184,0.0069743348710549855,-0.0157612606950632,0.4420866489832007,0.5277777777777778,0.0,0.9973474801061007,720,False
sparse_hard_group04,sparse_reward,sparse_hard,180,36,4,14,47,0.3010031758472395,0.8287433295292909,0.5277401536820514,0.020229578163220116,0.006966802817754228,-0.013262775345465888,0.41278065630397237,0.4722222222222222,0.0,0.9913644214162349,720,False
sparse_hard_group04,sparse_reward,sparse_hard,180,36,4,14,83,0.24576310280052652,0.8530912850430699,0.6073281822425434,0.023564224861705844,0.006827383431384259,-0.016736841430321586,0.4323630136986301,0.4583333333333333,0.0,0.9982876712328768,720,False
sparse_hard_group04,sparse_reward,sparse_hard,180,36,4,14,131,0.32023950450358624,0.8380707190701264,0.5178312145665402,0.018902877548681547,0.006269124281734578,-0.012633753266946969,0.4327693677649154,0.4791666666666667,0.0,0.9964381121994658,720,False
sparse_hard_group04,sparse_reward,sparse_hard,180,36,4,14,173,0.30914926759240596,0.8800495137089754,0.5709002461165695,0.024294727805503222,0.006057730501168637,-0.018236997304334583,0.3991071428571429,0.4722222222222222,0.0,0.99375,720,False
sparse_hard_group04,sparse_reward,sparse_hard,180,36,4,14,211,0.28626276935967077,0.8523536777538079,0.5660909083941371,0.025573406293643873,0.007618457922787132,-0.01795494837085674,0.403747870528109,0.4930555555555556,0.0,0.9931856899488927,720,False
sparse_hard_group04,sparse_reward,sparse_hard,180,36,4,14,257,0.27399927624031245,0.8575037866736913,0.5835045104333789,0.02464824240053094,0.007053631265566543,-0.017594611134964397,0.41887125220458554,0.4305555555555556,0.0,0.9955908289241623,720,False
sparse_hard_group04,sparse_reward,sparse_hard,180,36,4,14,307,0.30279076980957337,0.8574433508443585,0.5546525810347851,0.024933311619065646,0.007268507114339027,-0.017664804504726617,0.411599625818522,0.4027777777777778,0.0,0.990645463049579,720,False
sparse_hard_group04,sparse_reward,sparse_hard,180,36,4,14,359,0.24434448014635096,0.8196665908204305,0.5753221106740796,0.02171654263608926,0.007578691252352598,-0.01413785138373666,0.41166525781910396,0.4930555555555556,0.0,0.9923922231614539,720,False
sparse_hard_group04,sparse_reward,sparse_hard,180,36,4,14,401,0.2780806565918183,0.81664573864762,0.5385650820558017,0.022570007181714157,0.008147905980831472,-0.014422101200882685,0.4168053244592346,0.4791666666666667,0.0,0.9875207986688852,720,False
sparse_hard_group04,sparse_reward,sparse_hard,180,36,4,14,463,0.30547413064587875,0.8698969928060746,0.5644228621601959,0.019712626160067442,0.005289234315954929,-0.014423391844112513,0.43481848184818483,0.5069444444444444,0.0,0.9958745874587459,720,False
sparse_hard_group04,sparse_reward,sparse_hard,180,36,4,14,509,0.2957955454918743,0.8635389894577967,0.5677434439659224,0.024144435414068344,0.006728664441140772,-0.017415770972927572,0.43870967741935485,0.4236111111111111,0.0,0.9861751152073732,720,False
sparse_hard_group04,sparse_reward,sparse_hard,180,36,4,14,571,0.25078847034400226,0.8364048374394076,0.5856163670954053,0.026748896076921946,0.008575440298351542,-0.018173455778570404,0.4079861111111111,0.4722222222222222,0.0,0.9956597222222222,720,False
sparse_hard_group04,sparse_reward,sparse_hard,180,36,4,14,631,0.2868958004090019,0.8448208523387306,0.5579250519297287,0.021804683898518053,0.006802068143541995,-0.015002615754976058,0.398576512455516,0.4513888888888889,0.0,0.9928825622775801,720,False
sparse_hard_group04,sparse_reward,sparse_hard,180,36,4,14,701,0.2623408699932785,0.8350893651923568,0.5727484951990782,0.02258281305414512,0.007339247876175773,-0.015243565177969346,0.43456375838926176,0.4722222222222222,0.0,0.9983221476510067,720,False
sparse_hard_group04,sparse_reward,sparse_hard,180,36,4,14,761,0.2861535666738287,0.7806998100565449,0.4945462433827162,0.022075364809691893,0.009389446444286393,-0.0126859183654055,0.4289297658862876,0.4930555555555556,0.0,0.9866220735785953,720,False
sparse_hard_group04,sparse_reward,sparse_hard,180,36,4,14,823,0.2591813931370805,0.9082834794513768,0.6491020863142962,0.02621475268378891,0.004918538175413036,-0.021296214508375873,0.40993788819875776,0.5,0.0,0.9964507542147294,720,False
sparse_hard_group04,sparse_reward,sparse_hard,180,36,4,14,887,0.2866788519938863,0.86073090978349,0.5740520577896037,0.024711163372421716,0.006977120759601776,-0.01773404261281994,0.41228851291184326,0.4791666666666667,0.0,0.993766696349065,720,False
sparse_hard_group04,sparse_reward,sparse_hard,180,36,4,14,947,0.28925209354803505,0.8294169471429719,0.5401648535949368,0.022139010738093656,0.007539687692114261,-0.014599323045979395,0.3851185609157809,0.5,0.0,0.9983646770237122,720,False
sparse_hard_group08,sparse_reward,sparse_hard,180,36,8,14,11,0.33651321894951036,0.923810719912593,0.5872975009630826,0.02250421392751257,0.0037197566149869787,-0.01878445731252559,0.40926978574551814,0.4965277777777778,0.0,0.9991254919108001,1440,False
sparse_hard_group08,sparse_reward,sparse_hard,180,36,8,14,29,0.29602681057881797,0.897086476263891,0.6010596656850731,0.023759173553775888,0.005084178635998156,-0.018674994917777733,0.43447669305189096,0.4548611111111111,0.0,0.9995602462620933,1440,False
sparse_hard_group08,sparse_reward,sparse_hard,180,36,8,14,47,0.3242417391626851,0.893911126537329,0.5696693873746439,0.02068626075565451,0.004644647851045509,-0.016041612904609,0.4245324053936494,0.4618055555555556,0.0,0.9952153110047847,1440,False
sparse_hard_group08,sparse_reward,sparse_hard,180,36,8,14,83,0.30178975192734214,0.9145214042966023,0.6127316523692602,0.022014584958255035,0.003963702400004609,-0.018050882558250426,0.4172566371681416,0.4548611111111111,0.0,0.9960176991150442,1440,False
sparse_hard_group08,sparse_reward,sparse_hard,180,36,8,14,131,0.3074591465481543,0.9312935309729015,0.6238343844247471,0.022102823309277826,0.0032390685709653465,-0.01886375473831248,0.4297047157338034,0.4583333333333333,0.0,0.99779638607316,1440,False
sparse_hard_group08,sparse_reward,sparse_hard,180,36,8,14,173,0.3119430070225712,0.9113578623934707,0.5994148553708996,0.02202967893233773,0.004134766733355325,-0.017894912198982402,0.4147303814116616,0.46875,0.0,0.9951775537045155,1440,False
sparse_hard_group08,sparse_reward,sparse_hard,180,36,8,14,211,0.29850156397941935,0.9205530131462752,0.6220514491668558,0.023541275428302408,0.003943342817770519,-0.019597932610531887,0.4053142134120624,0.4548611111111111,0.0,0.9987347110923661,1440,False
sparse_hard_group08,sparse_reward,sparse_hard,180,36,8,14,257,0.31845990057794177,0.9006088798558877,0.582148979277946,0.023128715853538748,0.004862207856833207,-0.01826650799670554,0.4144144144144144,0.4618055555555556,0.0,0.9987129987129987,1440,False
sparse_hard_group08,sparse_reward,sparse_hard,180,36,8,14,307,0.30181909078318325,0.9122022714668223,0.6103831806836391,0.023147930965076606,0.0042757340357338774,-0.01887219692934273,0.4186773905272565,0.4166666666666667,0.0,0.9977658623771224,1440,False
sparse_hard_group08,sparse_reward,sparse_hard,180,36,8,14,359,0.32418963758537267,0.8940724885560953,0.5698828509707227,0.021794039437455365,0.004886164300052941,-0.016907875137402426,0.41874208526804557,0.4722222222222222,0.0,0.9949345715491769,1440,False
sparse_hard_group08,sparse_reward,sparse_hard,180,36,8,14,401,0.29596038871964464,0.8851214733159148,0.5891610845962703,0.02217208603919555,0.0052625463131880145,-0.016909539726007537,0.4168421052631579,0.4791666666666667,0.0,0.9962105263157894,1440,False
sparse_hard_group08,sparse_reward,sparse_hard,180,36,8,14,463,0.301975724285014,0.9307018288323176,0.6287261045473036,0.022179173289488867,0.0032651934908961714,-0.018913979798592696,0.42857142857142855,0.5069444444444444,0.0,0.9991445680068435,1440,False
sparse_hard_group08,sparse_reward,sparse_hard,180,36,8,14,509,0.3179746921613685,0.9229784208863082,0.6050037287249397,0.022811163469397575,0.0037586051511644997,-0.019052558318233076,0.427743086529884,0.4756944444444444,0.0,0.9942016057091883,1440,False
sparse_hard_group08,sparse_reward,sparse_hard,180,36,8,14,571,0.30198070172305147,0.9155248695900984,0.6135441678670469,0.024098832427161824,0.004290823897107951,-0.01980800853005387,0.4146877748460862,0.4270833333333333,0.0,0.9986807387862797,1440,False
sparse_hard_group08,sparse_reward,sparse_hard,180,36,8,14,631,0.3209364106867614,0.9043197537400722,0.5833833430533109,0.0211295899305238,0.004292011425817831,-0.01683757850470597,0.4172754619681994,0.4652777777777778,0.0,0.9965620971207564,1440,False
sparse_hard_group08,sparse_reward,sparse_hard,180,36,8,14,701,0.3160865094360841,0.9032259377319442,0.5871394282958601,0.021167339751121547,0.0043314169547026505,-0.016835922796418896,0.4342105263157895,0.4895833333333333,0.0,0.9991511035653651,1440,False
sparse_hard_group08,sparse_reward,sparse_hard,180,36,8,14,761,0.29814984033446584,0.913804056329295,0.6156542159948291,0.023391879199668515,0.004235261053635947,-0.019156618146032568,0.4337452066467831,0.4791666666666667,0.0,0.9974435449510013,1440,False
sparse_hard_group08,sparse_reward,sparse_hard,180,36,8,14,823,0.3114269011194861,0.9026575636436369,0.5912306625241508,0.02441014017878168,0.005006554837776399,-0.01940358534100528,0.40195208518189884,0.4444444444444444,0.0,0.9964507542147294,1440,False
sparse_hard_group08,sparse_reward,sparse_hard,180,36,8,14,887,0.3056636676695384,0.9159751539772456,0.6103114863077073,0.024953263853378826,0.004431224432114792,-0.020522039421264033,0.4190207156308851,0.4756944444444444,0.0,0.9967043314500942,1440,False
sparse_hard_group08,sparse_reward,sparse_hard,180,36,8,14,947,0.30932111244599236,0.910910425652416,0.6015893132064236,0.020446717580556384,0.003849182126959574,-0.01659753545359681,0.41631799163179917,0.4652777777777778,0.0,0.998326359832636,1440,False
